source ,target,race,year
Gabriel Huerfano,Carlos Eduardo Arias Moreno,LA LEONERA DH,2018
Gabriel Huerfano,Harold Moreno,LA LEONERA DH,2018
Gabriel Huerfano,Tranquilo 5,LA LEONERA DH,2018
Carlos Eduardo Arias Moreno,Harold Moreno,LA LEONERA DH,2018
Carlos Eduardo Arias Moreno,Tranquilo 5,LA LEONERA DH,2018
Harold Moreno,Tranquilo 5,LA LEONERA DH,2018
Sirley Tabares Builes,Monica Restrepo,LA LEONERA DH,2018
Sirley Tabares Builes,David Hernandez,LA LEONERA DH,2018
Sirley Tabares Builes,Guillermo Prado,LA LEONERA DH,2018
Monica Restrepo,David Hernandez,LA LEONERA DH,2018
Monica Restrepo,Guillermo Prado,LA LEONERA DH,2018
David Hernandez,Guillermo Prado,LA LEONERA DH,2018
Camilo Mendes,Viviana Andrea Lopez Herran,LA LEONERA DH,2018
Camilo Mendes,Ernesto Esteban,LA LEONERA DH,2018
Camilo Mendes,Tranquilo 1,LA LEONERA DH,2018
Viviana Andrea Lopez Herran,Ernesto Esteban,LA LEONERA DH,2018
Viviana Andrea Lopez Herran,Tranquilo 1,LA LEONERA DH,2018
Ernesto Esteban,Tranquilo 1,LA LEONERA DH,2018
Juan Jose Herrera,Bryan Suares,LA LEONERA DH,2018
Juan Jose Herrera,Jorge Eliecer Rincon,LA LEONERA DH,2018
Juan Jose Herrera,Tranquilo 2,LA LEONERA DH,2018
Bryan Suares,Jorge Eliecer Rincon,LA LEONERA DH,2018
Bryan Suares,Tranquilo 2,LA LEONERA DH,2018
Jorge Eliecer Rincon,Tranquilo 2,LA LEONERA DH,2018
Andres Rodriguez,Juan Gonzalez,LA LEONERA DH,2018
Andres Rodriguez,Daniel Herbert,LA LEONERA DH,2018
Andres Rodriguez,Tranquilo 3,LA LEONERA DH,2018
Juan Gonzalez,Daniel Herbert,LA LEONERA DH,2018
Juan Gonzalez,Tranquilo 3,LA LEONERA DH,2018
Daniel Herbert,Tranquilo 3,LA LEONERA DH,2018
Omar Perez,Juan Camilo Campos Gutierrez,LA LEONERA DH,2018
Omar Perez,Laura Vargas Echeverry,LA LEONERA DH,2018
Omar Perez,Daniela Paoloa Rueda Rodriguez,LA LEONERA DH,2018
Juan Camilo Campos Gutierrez,Laura Vargas Echeverry,LA LEONERA DH,2018
Juan Camilo Campos Gutierrez,Daniela Paoloa Rueda Rodriguez,LA LEONERA DH,2018
Laura Vargas Echeverry,Daniela Paoloa Rueda Rodriguez,LA LEONERA DH,2018
Yeison David Monsalve Tiriana,Jhonny Alejandro Ospina Oviedo,LA LEONERA DH,2018
Yeison David Monsalve Tiriana,Lucas Andrade,LA LEONERA DH,2018
Yeison David Monsalve Tiriana,Correa Guillermo,LA LEONERA DH,2018
Jhonny Alejandro Ospina Oviedo,Lucas Andrade,LA LEONERA DH,2018
Jhonny Alejandro Ospina Oviedo,Correa Guillermo,LA LEONERA DH,2018
Lucas Andrade,Correa Guillermo,LA LEONERA DH,2018
Sebastian Jarmillo,Alex Javier Jaramillo,LA LEONERA DH,2018
Sebastian Jarmillo,Fabio Esteban Angarita,LA LEONERA DH,2018
Sebastian Jarmillo,Tranquilo 4,LA LEONERA DH,2018
Alex Javier Jaramillo,Fabio Esteban Angarita,LA LEONERA DH,2018
Alex Javier Jaramillo,Tranquilo 4,LA LEONERA DH,2018
Fabio Esteban Angarita,Tranquilo 4,LA LEONERA DH,2018
Andres Rodriguez,Juan Gonzalez,LA LEONERA DH,2018
Andres Rodriguez,Juan Camilo Campos Gutierrez,LA LEONERA DH,2018
Andres Rodriguez,Laura Vargas Echeverry,LA LEONERA DH,2018
Juan Gonzalez,Juan Camilo Campos Gutierrez,LA LEONERA DH,2018
Juan Gonzalez,Laura Vargas Echeverry,LA LEONERA DH,2018
Juan Camilo Campos Gutierrez,Laura Vargas Echeverry,LA LEONERA DH,2018
Andres Rodriguez,Juan Gonzalez,LA LEONERA DH,2018
Andres Rodriguez,Sebastian Jarmillo,LA LEONERA DH,2018
Andres Rodriguez,Jhonny Alejandro Ospina Oviedo,LA LEONERA DH,2018
Juan Gonzalez,Sebastian Jarmillo,LA LEONERA DH,2018
Juan Gonzalez,Jhonny Alejandro Ospina Oviedo,LA LEONERA DH,2018
Sebastian Jarmillo,Jhonny Alejandro Ospina Oviedo,LA LEONERA DH,2018
Yeison David Monsalve Tiriana,Jhonny Alejandro Ospina Oviedo,LA LEONERA DH,2018
Yeison David Monsalve Tiriana,Sebastian Jarmillo,LA LEONERA DH,2018
Yeison David Monsalve Tiriana,Fabio Esteban Angarita,LA LEONERA DH,2018
Jhonny Alejandro Ospina Oviedo,Sebastian Jarmillo,LA LEONERA DH,2018
Jhonny Alejandro Ospina Oviedo,Fabio Esteban Angarita,LA LEONERA DH,2018
Sebastian Jarmillo,Fabio Esteban Angarita,LA LEONERA DH,2018
David Hernandez,Gabriel Huerfano,LA LEONERA DH,2018
David Hernandez,Bryan Suares,LA LEONERA DH,2018
David Hernandez,Jorge Eliecer Rincon,LA LEONERA DH,2018
Gabriel Huerfano,Bryan Suares,LA LEONERA DH,2018
Gabriel Huerfano,Jorge Eliecer Rincon,LA LEONERA DH,2018
Bryan Suares,Jorge Eliecer Rincon,LA LEONERA DH,2018
Ernesto Esteban,Camilo Mendes,LA LEONERA DH,2018
Ernesto Esteban,Bryan Suares,LA LEONERA DH,2018
Ernesto Esteban,Jorge Eliecer Rincon,LA LEONERA DH,2018
Camilo Mendes,Bryan Suares,LA LEONERA DH,2018
Camilo Mendes,Jorge Eliecer Rincon,LA LEONERA DH,2018
Bryan Suares,Jorge Eliecer Rincon,LA LEONERA DH,2018
Gabriel Huerfano,Harold Moreno,LA LEONERA DH,2018
Gabriel Huerfano,David Hernandez,LA LEONERA DH,2018
Gabriel Huerfano,Monica Restrepo,LA LEONERA DH,2018
Harold Moreno,David Hernandez,LA LEONERA DH,2018
Harold Moreno,Monica Restrepo,LA LEONERA DH,2018
David Hernandez,Monica Restrepo,LA LEONERA DH,2018
Bryan Suares,Gabriel Huerfano,LA LEONERA DH,2018
Bryan Suares,Juan Gonzalez,LA LEONERA DH,2018
Bryan Suares,Jhonny Alejandro Ospina Oviedo,LA LEONERA DH,2018
Gabriel Huerfano,Juan Gonzalez,LA LEONERA DH,2018
Gabriel Huerfano,Jhonny Alejandro Ospina Oviedo,LA LEONERA DH,2018
Juan Gonzalez,Jhonny Alejandro Ospina Oviedo,LA LEONERA DH,2018
Jorge Eliecer Rincon,David Hernandez,LA LEONERA DH,2018
Jorge Eliecer Rincon,Sebastian Jarmillo,LA LEONERA DH,2018
Jorge Eliecer Rincon,Andres Rodriguez,LA LEONERA DH,2018
David Hernandez,Sebastian Jarmillo,LA LEONERA DH,2018
David Hernandez,Andres Rodriguez,LA LEONERA DH,2018
Sebastian Jarmillo,Andres Rodriguez,LA LEONERA DH,2018
Harry Clarke,Jonathan Saldarriaga,LA LEONERA DH,2018
Harry Clarke,Juan Camilo Campos Gutierrez,LA LEONERA DH,2018
Harry Clarke,Tranquilo 5,LA LEONERA DH,2018
Jonathan Saldarriaga,Juan Camilo Campos Gutierrez,LA LEONERA DH,2018
Jonathan Saldarriaga,Tranquilo 5,LA LEONERA DH,2018
Juan Camilo Campos Gutierrez,Tranquilo 5,LA LEONERA DH,2018
Anderson Maldonado,Juan Montoya,LA LEONERA DH,2018
Anderson Maldonado,Juan Jose Herrera,LA LEONERA DH,2018
Anderson Maldonado,Laura Vargas Echeverry,LA LEONERA DH,2018
Juan Montoya,Juan Jose Herrera,LA LEONERA DH,2018
Juan Montoya,Laura Vargas Echeverry,LA LEONERA DH,2018
Juan Jose Herrera,Laura Vargas Echeverry,LA LEONERA DH,2018
Andres Sanchez Velez,Juan Camilo Mejia,LA LEONERA DH,2018
Andres Sanchez Velez,Yeison David Monsalve Tiriana,LA LEONERA DH,2018
Andres Sanchez Velez,Guillermo Prado,LA LEONERA DH,2018
Juan Camilo Mejia,Yeison David Monsalve Tiriana,LA LEONERA DH,2018
Juan Camilo Mejia,Guillermo Prado,LA LEONERA DH,2018
Yeison David Monsalve Tiriana,Guillermo Prado,LA LEONERA DH,2018
Leon Sastre,Luis Giron Garcia,LA LEONERA DH,2018
Leon Sastre,Sirley Tabares Builes,LA LEONERA DH,2018
Leon Sastre,Correa Guillermo,LA LEONERA DH,2018
Luis Giron Garcia,Sirley Tabares Builes,LA LEONERA DH,2018
Luis Giron Garcia,Correa Guillermo,LA LEONERA DH,2018
Sirley Tabares Builes,Correa Guillermo,LA LEONERA DH,2018
Felipe Marin,Guillermo Carrasco,LA LEONERA DH,2018
Felipe Marin,Alex Javier Jaramillo,LA LEONERA DH,2018
Felipe Marin,Tranquilo 1,LA LEONERA DH,2018
Guillermo Carrasco,Alex Javier Jaramillo,LA LEONERA DH,2018
Guillermo Carrasco,Tranquilo 1,LA LEONERA DH,2018
Alex Javier Jaramillo,Tranquilo 1,LA LEONERA DH,2018
Mariano Gentili,Jonathan Arturo Cuya Guardia,LA LEONERA DH,2018
Mariano Gentili,Camilo Mendes,LA LEONERA DH,2018
Mariano Gentili,Daniel Herbert,LA LEONERA DH,2018
Jonathan Arturo Cuya Guardia,Camilo Mendes,LA LEONERA DH,2018
Jonathan Arturo Cuya Guardia,Daniel Herbert,LA LEONERA DH,2018
Camilo Mendes,Daniel Herbert,LA LEONERA DH,2018
Juan Duran,Sebastian Jarmillo,LA LEONERA DH,2018
Juan Duran,Anderson Anacona,LA LEONERA DH,2018
Juan Duran,Jorge Eliecer Rincon,LA LEONERA DH,2018
Sebastian Jarmillo,Anderson Anacona,LA LEONERA DH,2018
Sebastian Jarmillo,Jorge Eliecer Rincon,LA LEONERA DH,2018
Anderson Anacona,Jorge Eliecer Rincon,LA LEONERA DH,2018
Daniel Engel,Juan Carlos Rincon,LA LEONERA DH,2018
Daniel Engel,Juan Gonzalez,LA LEONERA DH,2018
Daniel Engel,Tranquilo 2,LA LEONERA DH,2018
Juan Carlos Rincon,Juan Gonzalez,LA LEONERA DH,2018
Juan Carlos Rincon,Tranquilo 2,LA LEONERA DH,2018
Juan Gonzalez,Tranquilo 2,LA LEONERA DH,2018
Yan Bertinati,Mauricio Rodriguez,LA LEONERA DH,2018
Yan Bertinati,Bryan Suares,LA LEONERA DH,2018
Yan Bertinati,Tranquilo 3,LA LEONERA DH,2018
Mauricio Rodriguez,Bryan Suares,LA LEONERA DH,2018
Mauricio Rodriguez,Tranquilo 3,LA LEONERA DH,2018
Bryan Suares,Tranquilo 3,LA LEONERA DH,2018
Nicolas Moreno,Andres Rodriguez,LA LEONERA DH,2018
Nicolas Moreno,Oscar Zambrano Paladines,LA LEONERA DH,2018
Nicolas Moreno,Ernesto Esteban,LA LEONERA DH,2018
Andres Rodriguez,Oscar Zambrano Paladines,LA LEONERA DH,2018
Andres Rodriguez,Ernesto Esteban,LA LEONERA DH,2018
Oscar Zambrano Paladines,Ernesto Esteban,LA LEONERA DH,2018
Gabriel Huerfano,Luis Esteban Ladera Ovalles,LA LEONERA DH,2018
Gabriel Huerfano,Michael Gabino Gomez Vera,LA LEONERA DH,2018
Gabriel Huerfano,Fabio Esteban Angarita,LA LEONERA DH,2018
Luis Esteban Ladera Ovalles,Michael Gabino Gomez Vera,LA LEONERA DH,2018
Luis Esteban Ladera Ovalles,Fabio Esteban Angarita,LA LEONERA DH,2018
Michael Gabino Gomez Vera,Fabio Esteban Angarita,LA LEONERA DH,2018
Esneider Osorno,Juan Camilo Velez Gonzalias,LA LEONERA DH,2018
Esneider Osorno,Carlos Eduardo Arias Moreno,LA LEONERA DH,2018
Esneider Osorno,Daniela Paoloa Rueda Rodriguez,LA LEONERA DH,2018
Juan Camilo Velez Gonzalias,Carlos Eduardo Arias Moreno,LA LEONERA DH,2018
Juan Camilo Velez Gonzalias,Daniela Paoloa Rueda Rodriguez,LA LEONERA DH,2018
Carlos Eduardo Arias Moreno,Daniela Paoloa Rueda Rodriguez,LA LEONERA DH,2018
Juan Sebastian Zuluaga,Juan Sebastian Rios,LA LEONERA DH,2018
Juan Sebastian Zuluaga,Lucas Andrade,LA LEONERA DH,2018
Juan Sebastian Zuluaga,Monica Restrepo,LA LEONERA DH,2018
Juan Sebastian Rios,Lucas Andrade,LA LEONERA DH,2018
Juan Sebastian Rios,Monica Restrepo,LA LEONERA DH,2018
Lucas Andrade,Monica Restrepo,LA LEONERA DH,2018
Felix Feddersen,Alejandro Arbelaez,LA LEONERA DH,2018
Felix Feddersen,Omar Perez,LA LEONERA DH,2018
Felix Feddersen,Harold Moreno,LA LEONERA DH,2018
Alejandro Arbelaez,Omar Perez,LA LEONERA DH,2018
Alejandro Arbelaez,Harold Moreno,LA LEONERA DH,2018
Omar Perez,Harold Moreno,LA LEONERA DH,2018
Maicol Stiver,Jennifer Schauerte,LA LEONERA DH,2018
Maicol Stiver,David Hernandez,LA LEONERA DH,2018
Maicol Stiver,Jhonny Alejandro Ospina Oviedo,LA LEONERA DH,2018
Jennifer Schauerte,David Hernandez,LA LEONERA DH,2018
Jennifer Schauerte,Jhonny Alejandro Ospina Oviedo,LA LEONERA DH,2018
David Hernandez,Jhonny Alejandro Ospina Oviedo,LA LEONERA DH,2018
Santiago Espeche,Lucas Londono Garcia,LA LEONERA DH,2018
Santiago Espeche,Viviana Andrea Lopez Herran,LA LEONERA DH,2018
Santiago Espeche,Tranquilo 4,LA LEONERA DH,2018
Lucas Londono Garcia,Viviana Andrea Lopez Herran,LA LEONERA DH,2018
Lucas Londono Garcia,Tranquilo 4,LA LEONERA DH,2018
Viviana Andrea Lopez Herran,Tranquilo 4,LA LEONERA DH,2018
Harry Clarke,Jonathan Saldarriaga,LA LEONERA DH,2018
Harry Clarke,Anderson Maldonado,LA LEONERA DH,2018
Harry Clarke,Juan Montoya,LA LEONERA DH,2018
Jonathan Saldarriaga,Anderson Maldonado,LA LEONERA DH,2018
Jonathan Saldarriaga,Juan Montoya,LA LEONERA DH,2018
Anderson Maldonado,Juan Montoya,LA LEONERA DH,2018
Harry Clarke,Anderson Maldonado,LA LEONERA DH,2018
Harry Clarke,Leon Sastre,LA LEONERA DH,2018
Harry Clarke,Andres Sanchez Velez,LA LEONERA DH,2018
Anderson Maldonado,Leon Sastre,LA LEONERA DH,2018
Anderson Maldonado,Andres Sanchez Velez,LA LEONERA DH,2018
Leon Sastre,Andres Sanchez Velez,LA LEONERA DH,2018
Andres Sanchez Velez,Juan Camilo Mejia,LA LEONERA DH,2018
Andres Sanchez Velez,Leon Sastre,LA LEONERA DH,2018
Andres Sanchez Velez,Luis Giron Garcia,LA LEONERA DH,2018
Juan Camilo Mejia,Leon Sastre,LA LEONERA DH,2018
Juan Camilo Mejia,Luis Giron Garcia,LA LEONERA DH,2018
Leon Sastre,Luis Giron Garcia,LA LEONERA DH,2018
Felipe Marin,Guillermo Carrasco,LA LEONERA DH,2018
Felipe Marin,Mariano Gentili,LA LEONERA DH,2018
Felipe Marin,Jonathan Arturo Cuya Guardia,LA LEONERA DH,2018
Guillermo Carrasco,Mariano Gentili,LA LEONERA DH,2018
Guillermo Carrasco,Jonathan Arturo Cuya Guardia,LA LEONERA DH,2018
Mariano Gentili,Jonathan Arturo Cuya Guardia,LA LEONERA DH,2018
Felipe Marin,Mariano Gentili,LA LEONERA DH,2018
Felipe Marin,Daniel Engel,LA LEONERA DH,2018
Felipe Marin,Juan Duran,LA LEONERA DH,2018
Mariano Gentili,Daniel Engel,LA LEONERA DH,2018
Mariano Gentili,Juan Duran,LA LEONERA DH,2018
Daniel Engel,Juan Duran,LA LEONERA DH,2018
Juan Duran,Anderson Anacona,LA LEONERA DH,2018
Juan Duran,Daniel Engel,LA LEONERA DH,2018
Juan Duran,Juan Carlos Rincon,LA LEONERA DH,2018
Anderson Anacona,Daniel Engel,LA LEONERA DH,2018
Anderson Anacona,Juan Carlos Rincon,LA LEONERA DH,2018
Daniel Engel,Juan Carlos Rincon,LA LEONERA DH,2018
Yan Bertinati,Nicolas Moreno,LA LEONERA DH,2018
Yan Bertinati,Esneider Osorno,LA LEONERA DH,2018
Yan Bertinati,Luis Esteban Ladera Ovalles,LA LEONERA DH,2018
Nicolas Moreno,Esneider Osorno,LA LEONERA DH,2018
Nicolas Moreno,Luis Esteban Ladera Ovalles,LA LEONERA DH,2018
Esneider Osorno,Luis Esteban Ladera Ovalles,LA LEONERA DH,2018
Yan Bertinati,Mauricio Rodriguez,LA LEONERA DH,2018
Yan Bertinati,Nicolas Moreno,LA LEONERA DH,2018
Yan Bertinati,Oscar Zambrano Paladines,LA LEONERA DH,2018
Mauricio Rodriguez,Nicolas Moreno,LA LEONERA DH,2018
Mauricio Rodriguez,Oscar Zambrano Paladines,LA LEONERA DH,2018
Nicolas Moreno,Oscar Zambrano Paladines,LA LEONERA DH,2018
Luis Esteban Ladera Ovalles,Michael Gabino Gomez Vera,LA LEONERA DH,2018
Luis Esteban Ladera Ovalles,Esneider Osorno,LA LEONERA DH,2018
Luis Esteban Ladera Ovalles,Juan Camilo Velez Gonzalias,LA LEONERA DH,2018
Michael Gabino Gomez Vera,Esneider Osorno,LA LEONERA DH,2018
Michael Gabino Gomez Vera,Juan Camilo Velez Gonzalias,LA LEONERA DH,2018
Esneider Osorno,Juan Camilo Velez Gonzalias,LA LEONERA DH,2018
Juan Sebastian Zuluaga,Felix Feddersen,LA LEONERA DH,2018
Juan Sebastian Zuluaga,Santiago Espeche,LA LEONERA DH,2018
Juan Sebastian Zuluaga,Lucas Londono Garcia,LA LEONERA DH,2018
Felix Feddersen,Santiago Espeche,LA LEONERA DH,2018
Felix Feddersen,Lucas Londono Garcia,LA LEONERA DH,2018
Santiago Espeche,Lucas Londono Garcia,LA LEONERA DH,2018
Juan Sebastian Zuluaga,Juan Sebastian Rios,LA LEONERA DH,2018
Juan Sebastian Zuluaga,Felix Feddersen,LA LEONERA DH,2018
Juan Sebastian Zuluaga,Alejandro Arbelaez,LA LEONERA DH,2018
Juan Sebastian Rios,Felix Feddersen,LA LEONERA DH,2018
Juan Sebastian Rios,Alejandro Arbelaez,LA LEONERA DH,2018
Felix Feddersen,Alejandro Arbelaez,LA LEONERA DH,2018
Maicol Stiver,Jennifer Schauerte,LA LEONERA DH,2018
Maicol Stiver,Santiago Espeche,LA LEONERA DH,2018
Maicol Stiver,Lucas Londono Garcia,LA LEONERA DH,2018
Jennifer Schauerte,Santiago Espeche,LA LEONERA DH,2018
Jennifer Schauerte,Lucas Londono Garcia,LA LEONERA DH,2018
Santiago Espeche,Lucas Londono Garcia,LA LEONERA DH,2018
Yan Bertinati,Esneider Osorno,LA LEONERA DH,2018
Yan Bertinati,Santiago Espeche,LA LEONERA DH,2018
Yan Bertinati,Juan Sebastian Zuluaga,LA LEONERA DH,2018
Esneider Osorno,Santiago Espeche,LA LEONERA DH,2018
Esneider Osorno,Juan Sebastian Zuluaga,LA LEONERA DH,2018
Santiago Espeche,Juan Sebastian Zuluaga,LA LEONERA DH,2018
Harry Clarke,Mariano Gentili,LA LEONERA DH,2018
Harry Clarke,Esneider Osorno,LA LEONERA DH,2018
Harry Clarke,Yan Bertinati,LA LEONERA DH,2018
Mariano Gentili,Esneider Osorno,LA LEONERA DH,2018
Mariano Gentili,Yan Bertinati,LA LEONERA DH,2018
Esneider Osorno,Yan Bertinati,LA LEONERA DH,2018
Harry Clarke,Leon Sastre,LA LEONERA DH,2018
Harry Clarke,Daniel Engel,LA LEONERA DH,2018
Harry Clarke,Mariano Gentili,LA LEONERA DH,2018
Leon Sastre,Daniel Engel,LA LEONERA DH,2018
Leon Sastre,Mariano Gentili,LA LEONERA DH,2018
Daniel Engel,Mariano Gentili,LA LEONERA DH,2018
Leon Sastre,Daniel Engel,LA LEONERA DH,2018
Leon Sastre,Santiago Espeche,LA LEONERA DH,2018
Leon Sastre,Juan Sebastian Zuluaga,LA LEONERA DH,2018
Daniel Engel,Santiago Espeche,LA LEONERA DH,2018
Daniel Engel,Juan Sebastian Zuluaga,LA LEONERA DH,2018
Santiago Espeche,Juan Sebastian Zuluaga,LA LEONERA DH,2018
Daniela Paoloa Rueda Rodriguez,Tranquila 2,LA LEONERA DH,2018
Daniela Paoloa Rueda Rodriguez,Monica Restrepo,LA LEONERA DH,2018
Daniela Paoloa Rueda Rodriguez,Tranquila 1,LA LEONERA DH,2018
Tranquila 2,Monica Restrepo,LA LEONERA DH,2018
Tranquila 2,Tranquila 1,LA LEONERA DH,2018
Monica Restrepo,Tranquila 1,LA LEONERA DH,2018
Jennifer Schauerte,Viviana Andrea Lopez Herran,LA LEONERA DH,2018
Jennifer Schauerte,Sirley Tabares Builes,LA LEONERA DH,2018
Jennifer Schauerte,Laura Vargas Echeverry,LA LEONERA DH,2018
Viviana Andrea Lopez Herran,Sirley Tabares Builes,LA LEONERA DH,2018
Viviana Andrea Lopez Herran,Laura Vargas Echeverry,LA LEONERA DH,2018
Sirley Tabares Builes,Laura Vargas Echeverry,LA LEONERA DH,2018
Sirley Tabares Builes,Laura Vargas Echeverry,LA LEONERA DH,2018
Sirley Tabares Builes,Monica Restrepo,LA LEONERA DH,2018
Sirley Tabares Builes,Tranquila 1,LA LEONERA DH,2018
Laura Vargas Echeverry,Monica Restrepo,LA LEONERA DH,2018
Laura Vargas Echeverry,Tranquila 1,LA LEONERA DH,2018
Monica Restrepo,Tranquila 1,LA LEONERA DH,2018
Jennifer Schauerte,Viviana Andrea Lopez Herran,LA LEONERA DH,2018
Jennifer Schauerte,Daniela Paoloa Rueda Rodriguez,LA LEONERA DH,2018
Jennifer Schauerte,Tranquila 2,LA LEONERA DH,2018
Viviana Andrea Lopez Herran,Daniela Paoloa Rueda Rodriguez,LA LEONERA DH,2018
Viviana Andrea Lopez Herran,Tranquila 2,LA LEONERA DH,2018
Daniela Paoloa Rueda Rodriguez,Tranquila 2,LA LEONERA DH,2018
Correa Guillermo,Tranquilo 2,LA LEONERA DH,2018
Correa Guillermo,Alex Javier Jaramillo,LA LEONERA DH,2018
Correa Guillermo,Tranquilo 1,LA LEONERA DH,2018
Tranquilo 2,Alex Javier Jaramillo,LA LEONERA DH,2018
Tranquilo 2,Tranquilo 1,LA LEONERA DH,2018
Alex Javier Jaramillo,Tranquilo 1,LA LEONERA DH,2018
Maicol Campos,Alex Javier Jaramillo,LA LEONERA DH,2018
Maicol Campos,Bryan Suares,LA LEONERA DH,2018
Maicol Campos,Tranquilo 1,LA LEONERA DH,2018
Alex Javier Jaramillo,Bryan Suares,LA LEONERA DH,2018
Alex Javier Jaramillo,Tranquilo 1,LA LEONERA DH,2018
Bryan Suares,Tranquilo 1,LA LEONERA DH,2018
Anderson Maldonado,Gabriel Huerfano,LA LEONERA DH,2018
Anderson Maldonado,Maicol Campos,LA LEONERA DH,2018
Anderson Maldonado,Bryan Suares,LA LEONERA DH,2018
Gabriel Huerfano,Maicol Campos,LA LEONERA DH,2018
Gabriel Huerfano,Bryan Suares,LA LEONERA DH,2018
Maicol Campos,Bryan Suares,LA LEONERA DH,2018
Gabriel Huerfano,Anderson Maldonado,LA LEONERA DH,2018
Gabriel Huerfano,Correa Guillermo,LA LEONERA DH,2018
Gabriel Huerfano,Tranquilo 2,LA LEONERA DH,2018
Anderson Maldonado,Correa Guillermo,LA LEONERA DH,2018
Anderson Maldonado,Tranquilo 2,LA LEONERA DH,2018
Correa Guillermo,Tranquilo 2,LA LEONERA DH,2018
Tranquilo 1,Tranquilo 3,LA LEONERA DH,2018
Tranquilo 1,Monica Restrepo,LA LEONERA DH,2018
Tranquilo 1,Tranquilo 2,LA LEONERA DH,2018
Tranquilo 3,Monica Restrepo,LA LEONERA DH,2018
Tranquilo 3,Tranquilo 2,LA LEONERA DH,2018
Monica Restrepo,Tranquilo 2,LA LEONERA DH,2018
Mauricio Rodriguez,Camilo Mendes,LA LEONERA DH,2018
Mauricio Rodriguez,Tranquilo 1,LA LEONERA DH,2018
Mauricio Rodriguez,Tranquilo 3,LA LEONERA DH,2018
Camilo Mendes,Tranquilo 1,LA LEONERA DH,2018
Camilo Mendes,Tranquilo 3,LA LEONERA DH,2018
Tranquilo 1,Tranquilo 3,LA LEONERA DH,2018
Juan Montoya,Carlos Eduardo Arias Moreno,LA LEONERA DH,2018
Juan Montoya,Monica Restrepo,LA LEONERA DH,2018
Juan Montoya,Tranquilo 2,LA LEONERA DH,2018
Carlos Eduardo Arias Moreno,Monica Restrepo,LA LEONERA DH,2018
Carlos Eduardo Arias Moreno,Tranquilo 2,LA LEONERA DH,2018
Monica Restrepo,Tranquilo 2,LA LEONERA DH,2018
Mauricio Rodriguez,Camilo Mendes,LA LEONERA DH,2018
Mauricio Rodriguez,Juan Montoya,LA LEONERA DH,2018
Mauricio Rodriguez,Carlos Eduardo Arias Moreno,LA LEONERA DH,2018
Camilo Mendes,Juan Montoya,LA LEONERA DH,2018
Camilo Mendes,Carlos Eduardo Arias Moreno,LA LEONERA DH,2018
Juan Montoya,Carlos Eduardo Arias Moreno,LA LEONERA DH,2018
